donor;acceptor
https://microsoft.com/de-de/p/yandexmoney/9wzdncrdmm1m?cid=msft_web_chart;https://money.yandex.ru/feedback/
https://reg.ru/support/domains/prodlenie-domena/ostorozhno-moshenniki-prisylayut-pisma-s-prosboy-prodlit-domen;https://money.yandex.ru/start
https://jino.ru/payment/;http://money.yandex.ru/
http://forum-top.ru/;http://money.yandex.ru/
https://domains.nethouse.ru/help/4/3;https://money.yandex.ru/list.xml?t=map&methods=4,6&comission=0
https://dj.ru/forum/topic/23519-%D0%BF%D0%B8%D1%80%D0%B0%D0%BC%D0%B8%D0%B4%D0%B0/;http://money.yandex.ru/
https://nic.ru/help/oplata-cherez-sistemu-yandeksden6gi_711.html;https://money.yandex.ru/shop.xml?scid=5544&from=isrch
https://liveinternet.ru/users/4408052/tags/%D0%B4%D0%B5%D0%BD%D1%8C%D0%B3%D0%B8/;https://money.yandex.ru/embed/quickpay/shop.xml
http://tilda.cc/ru/review/;https://money.yandex.ru/
http://bpages.ru/pay.php;http://money.yandex.ru/
https://storeland.ru/about/faq;https://money.yandex.ru/my/questionnaire
https://help.justclick.ru/archives/3180;https://money.yandex.ru/
https://ukit.com/ru/help/kak-sozdat-kartu-yandex-dengi;https://money.yandex.ru/new
https://pravorub.ru/news/65838.html;https://money.yandex.ru/doc.xml?id=523015
https://1c-bitrix.ru/buy/pay/;http://money.yandex.ru/security/identification
https://1gb.ru/services_pay_prs.php;http://money.yandex.ru/
https://prestashop.com/forums/topic/545433-%D1%84%D0%BE%D1%80%D0%BC%D0%B0-%D1%8F%D0%BD%D0%B4%D0%B5%D0%BA%D1%81-%D0%B4%D0%B5%D0%BD%D0%B5%D0%B3-%D0%BD%D0%B0-%D1%81%D1%82%D1%80%D0%B0%D0%BD%D0%B8%D1%86%D0%B5-%D1%82%D0%BE%D0%B2%D0%B0%D1%80%D0%B0/;https://money.yandex.ru/embed/quickpay/shop.xml
http://iworker.ru/post/450160;https://money.yandex.ru/prepaid/?from=imainprep
https://beget.com/ru/manual/partnership;https://money.yandex.ru/doc.xml?id=523691
https://webnode.ru/blog/2013/02/novyie-sposobyi-oplatyi-qiwi-koshelek-i-yandex-dengi/;https://money.yandex.ru/reg/
https://majordomo.ru/order/payments;https://money.yandex.ru/new
https://fastvps.ru/support/kb/22612740;https://money.yandex.ru/new
http://sms.ru/terms;https://money.yandex.ru/pay/doc.xml?offerid=default
http://7910.org/;http://money.yandex.ru/
http://lowhosting.ru/payments;https://money.yandex.ru/
http://nnov.org/forum/art/?do=read&thread=140761&topic_id=140762&archive=1;http://money.yandex.ru/
https://sp2all.ru/profile/;https://money.yandex.ru/reg?invitedby=41001256627738
https://rbc.ru/finances/05/06/2020/5ed8bca99a79477a7bed3662;https://money.yandex.ru/page?id=529500
https://pokeroff.ru/obzor-sovremennyh-platyozhnyh-sistem-dlya-post-2891430;https://money.yandex.ru/
https://help-cms.ru/site_manager/shop/payment_systems/;https://money.yandex.ru/
http://forum.mybb.ru/viewtopic.php?id=8865;http://money.yandex.ru/
https://maam.ru/novosti-saita/oplata-s-yelektronogo-koshelka.html;http://money.yandex.ru/
https://support.ihc.ru/index.php?_m=knowledgebase&_a=viewarticle&kbarticleid=2&nav=0,1;http://money.yandex.ru/
https://samsung.com/ru/support/mobile-devices/what-cards-can-be-added-to-samsung-pay-in-russia/;https://money.yandex.ru/ypromo/samsungpay
https://firstvds.ru/company/payments;https://money.yandex.ru/
https://galya.ru/konkurs/Conditions.php;https://money.yandex.ru/shops.xml?ctid=157298
https://infobox.ru/about/payments/;http://money.yandex.ru/
https://contragents.ru/blogs/996/;https://money.yandex.ru/apps?_openstat=mail;ad;genderGame;mapps;
https://codecanyon.net/item/yandex-money-payment-gateway-for-edd/15832663?s_rank=16;https://money.yandex.ru/
https://eurobyte.ru/qa/q/sposoby-oplaty;https://money.yandex.ru/
http://prihod.ru/robokassa-na-prihod-ru/;https://money.yandex.ru/legal/payee.xml
http://forum.firstvds.ru/viewtopic.php?f=15&t=1165;http://money.yandex.ru/
https://samomu.ru/;https://money.yandex.ru/
http://help.forumbb.ru/viewtopic.php?id=798;http://money.yandex.ru/
https://moscow.rt.ru/support/internet/payment/available-payment-methods;https://money.yandex.ru/oplata/onlaiem-internet
https://superjob.ru/resume/trening-menedzher-48560533.html;http://money.yandex.ru/
http://fbnp.ru/;http://money.yandex.ru/
https://kontur.ru/press/news/docflow/2016/3/3849;https://money.yandex.ru/joinups/?source=diadoc&_openstat=promo;merchants;diadoc
https://rg.ru/2015/02/13/nalogi-site-anons.html;https://money.yandex.ru/taxes/
https://ria.ru/20130326/929105366.html;https://money.yandex.ru/
https://re-commerce.ru/blog/pomosh/podklyuchenie-jandekskassy-k-internet-magazinu;https://money.yandex.ru/joinups
https://litres.ru/pomosch/sposobi-oplati/;http://money.yandex.ru/
https://lpgenerator.ru/blog/2018/05/08/integraciya-s-platezhnym-servisom-yandekskassa/;https://money.yandex.ru/my
https://thenextweb.com/dd/2015/08/02/w3c-trying-standardize-payments-internet/;https://money.yandex.ru/
https://otvet.mail.ru/question/221062759;https://money.yandex.ru/cards/virtual
https://setup.ru/client/news/317;http://money.yandex.ru/doc.xml?id=522764
https://kommersant.ru/doc/3100111;http://money.yandex.ru/
https://1gb.ua/wiki/index.php?title=%D0%A1%D1%82%D0%B0%D1%82%D0%B8%D1%81%D1%82%D0%B8%D0%BA%D0%B0_%D0%BF%D0%BE%D1%81%D0%B5%D1%89%D0%B5%D0%BD%D0%B8%D0%B9_%D1%81%D0%B0%D0%B9%D1%82%D0%B0&diff=248&oldid=177;http://money.yandex.ru/
http://prostoprint.com/pages/payment/;http://money.yandex.ru/
https://wiki.webmoney.ru/projects/webmoney/wiki/%D0%9F%D1%80%D0%B8%D0%B2%D1%8F%D0%B7%D0%BA%D0%B0_%D0%BA%D0%BE%D1%88%D0%B5%D0%BB%D1%8C%D0%BA%D0%B0_%D0%AF%D0%BD%D0%B4%D0%B5%D0%BA%D1%81_%D0%94%D0%B5%D0%BD%D1%8C%D0%B3%D0%B8;https://money.yandex.ru/
https://free-kassa.ru/faq.php;http://money.yandex.ru/prepaid/
https://thehost.ua/wiki/change-payment;https://money.yandex.ru/
https://domenus.ru/information/pay;https://money.yandex.ru/pay/doc.xml?id=526209&cps_theme=default
https://phpbbguru.net/community/viewtopic.php?f=23&t=42022;https://money.yandex.ru/i/forms/guide-to-custom-p2p-forms.pdf
https://usocial.pro/;https://money.yandex.ru/
https://walletone.com/ru/merchant/payments/;https://money.yandex.ru/
http://liveforums.ru/top/details-razvlecheniy-lf.html;https://money.yandex.ru/prepaid.xml.
https://alfabank.ru/everyday/online/alfaclick/transfer/e-money/;https://money.yandex.ru/
http://august4u.net/?tarif;http://money.yandex.ru/
https://ispsystem.ru/news/hosting-business-part-1;https://money.yandex.ru/
https://autokadabra.ru/shouts/56603;https://money.yandex.ru/security/identification/
https://moskva.beeline.ru/customers/products/mobile/bonus/details/10-ot-summi-avtopopolneniy-ot-yandeksdengi/;https://money.yandex.ru/doc.xml?id=527485
http://merchium.ru/pricing/;https://money.yandex.ru/
https://artnow.ru/ru/articles/0/3.html;http://money.yandex.ru/prepaid.xml
https://steelsite.ru/;https://money.yandex.ru/
https://uscript.pro/shop/167/item/prijom-platezhej-na-sajte;https://money.yandex.ru/
http://wmmail.ru/index.php?cf=otvet-viewvopros&type=50&vid=71552&p=1&i_search=1&i_name=&cat=0&subcat=0&bezo=0&uid=2545671&cmid=975406;https://money.yandex.ru/security/identification/methods.xml
https://joyson.ru/dostavka-i-oplata.html;https://money.yandex.ru/prepaid/?from=imainprep
https://cackle.me/privacy;https://money.yandex.ru/
https://hoster.ru/our-partners;https://money.yandex.ru/
https://lifehacker.ru/shtrafy-gibdd/;https://money.yandex.ru/debts/